SeqID	RelPos	Strand	logFC	PValue.adj
NC_000913.3	0	-	1.75938051852217	0.000193102227021236
NC_000913.3	12	-	0.456034188896379	0.40184764227989
NC_000913.3	19	-	0.803607689471748	0.0585730978265211
NC_000913.3	23	-	0.126463173885914	0.842676656446188
NC_000913.3	25	-	0.647163395036917	0.220252173533444
NC_000913.3	33	-	1.63248418830051	0.000441027007296708
