SeqID	RelPos	Strand	logFC	PValue.adj
NC_000913.3	33	+	1.79162460196054	0.000109328328460148
NC_000913.3	34	+	4.63110421504942	1.26108845053698e-29
NC_000913.3	35	+	1.13007281512018	0.0104096248421446
