SeqID	RelPos	Strand	logFC	PValue.adj
NC_000913.3	0	+	1.69423557388681	3.83449875683284e-08
NC_000913.3	7	+	0.175371260977915	0.808006166365593
NC_000913.3	12	+	1.39749790179855	0.0011035116537805
NC_000913.3	13	+	1.67947794343837	7.75427622769462e-05
NC_000913.3	15	+	0.397485758093911	0.384634394542361
NC_000913.3	20	+	0.298520795428427	0.624382435261151
NC_000913.3	24	+	1.27295706807865	0.00891639733783041
NC_000913.3	40	+	1.42363669249262	0.00111147701903486
NC_000913.3	42	+	0.684280531651841	0.214454920802724
