SeqID	RelPos	Strand	logFC	PValue.adj
NC_000913.3	0	-	1.35692004919303	0.000313532454518051
NC_000913.3	30	-	0.288520758996919	0.610774188246467
NC_000913.3	34	-	0.0629416612180743	0.914110549058669
