SeqID	RelPos	Strand	logFC	PValue.adj
NC_000913.3	0	-	0.851844683464428	0.0262145105456771
NC_000913.3	46	-	1.16525822848437	0.0223704606374537
NC_000913.3	47	-	1.29172762658267	0.00123059827209798
NC_000913.3	48	-	1.12151209571899	0.0139262802939874
NC_000913.3	49	-	1.14695461533803	0.00168947866349007
NC_000913.3	50	-	1.69471723529176	4.99496093730237e-05
NC_000913.3	51	-	1.60834616348247	1.62928730377865e-05
