SeqID	RelPos	Strand	logFC	PValue.adj
NC_000913.3	34	+	5.73658706150962	2.15810605858204e-37
