SeqID	RelPos	Strand	logFC	PValue.adj
NC_000913.3	0	-	3.35607340208384	6.77267645851699e-18
