SeqID	RelPos	Strand	logFC	PValue.adj
NC_000913.3	0	+	1.35458887697557	0.00448636018262399
NC_000913.3	38	+	0.954331114163893	0.0193857161683343
NC_000913.3	39	+	1.43836203332706	0.00067440019142754
