SeqID	RelPos	Strand	logFC	PValue.adj
NC_000913.3	0	+	0.9839201519371	0.00390055031033005
NC_000913.3	34	+	4.37978187613894	4.46707697166585e-20
NC_000913.3	35	+	1.32768365664159	0.00109879668072723
