SeqID	RelPos	Strand	logFC	PValue.adj
NC_000913.3	0	-	1.57308445529916	0.000101340310982703
NC_000913.3	35	-	3.81443646253227	9.62909700516801e-12
NC_000913.3	38	-	1.25481538076872	0.00601552487671708
NC_000913.3	48	-	1.69259012205695	0.000252781471842585
NC_000913.3	67	-	1.63103086461939	0.000595998957666786
