SeqID	RelPos	Strand	logFC	PValue.adj
NC_000913.3	0	-	0.797148632413937	0.0658722825260163
NC_000913.3	10	-	0.321245687806157	0.529552839651853
NC_000913.3	11	-	0.126779026262915	0.85539963517316
NC_000913.3	12	-	0.505036293283782	0.24493459853801
NC_000913.3	15	-	0.602175671895748	0.258811756232334
NC_000913.3	20	-	0.491722045290136	0.300388521631349
NC_000913.3	22	-	0.331990082706352	0.646265471406698
NC_000913.3	24	-	1.02117953624947	0.0779482277919322
NC_000913.3	33	-	0.007691569240475	0.991759131058597
