SeqID	RelPos	Strand	logFC	PValue.adj
NC_000913.3	0	+	0.841990929123059	0.0698747070619495
NC_000913.3	10	+	0.607464693729418	0.216544684199235
NC_000913.3	33	+	3.03655683043787	3.02154026100311e-12
