SeqID	RelPos	Strand	logFC	PValue.adj
NC_000913.3	0	-	1.85667855827942	1.40750989159383e-08
NC_000913.3	10	-	0.798065157094347	0.0742797123375878
NC_000913.3	35	-	1.25259607977277	0.0124521693449313
NC_000913.3	72	-	0.876148749381442	0.0505821334098967
