SeqID	RelPos	Strand	logFC	PValue.adj
NC_000913.3	0	-	1.00881889041703	0.00498497637963059
NC_000913.3	72	-	1.16257112856185	0.0192086958723212
