SeqID	RelPos	Strand	logFC	PValue.adj
NC_000913.3	32	+	0.63857204419198	0.22177613545167
NC_000913.3	33	+	1.16551628969791	0.0270934583799243
NC_000913.3	34	+	1.36995943108601	0.00555144920356498
NC_000913.3	35	+	2.25027729866454	3.45698626180523e-08
