SeqID	RelPos	Strand	logFC	PValue.adj
NC_000913.3	32	-	2.91336385432692	1.56137523119641e-15
NC_000913.3	33	-	5.1750274819562	2.57285120937203e-50
NC_000913.3	34	-	0.270298494880494	0.639306442407863
NC_000913.3	36	-	1.90400713984691	6.43220172834155e-06
NC_000913.3	37	-	0.475872810372199	0.281588744404794
NC_000913.3	64	-	3.09415591120172	1.0218481653183e-13
