SeqID	RelPos	Strand	logFC	PValue.adj
NC_000913.3	0	+	1.19270297063996	0.000921476780488239
NC_000913.3	55	+	0.175207012893605	0.745444176889155
NC_000913.3	75	+	1.02260865724262	0.0275248208320603
