SeqID	RelPos	Strand	logFC	PValue.adj
NC_000913.3	34	+	5.00373431779725	3.10021908445095e-31
