SeqID	RelPos	Strand	logFC	PValue.adj
NC_000913.3	0	-	1.46485844301119	0.00137245920387089
