SeqID	RelPos	Strand	logFC	PValue.adj
NC_000913.3	0	+	1.20411879337933	0.0158644539614246
