SeqID	RelPos	Strand	logFC	PValue.adj
NC_000913.3	0	+	1.07009820719023	0.0115789228327107
