SeqID	RelPos	Strand	logFC	PValue.adj
NC_000913.3	0	-	0.799373943909877	0.042872118539791
NC_000913.3	6	-	0.313620734952191	0.546713395826519
NC_000913.3	18	-	0.543214230035184	0.196494726726503
NC_000913.3	22	-	0.853146960365215	0.0754975966468206
NC_000913.3	23	-	0.590496246707867	0.177505352375504
NC_000913.3	34	-	0.75976695249484	0.12978196817431
NC_000913.3	47	-	0.820582322523495	0.130454409301194
NC_000913.3	52	-	0.875925639401907	0.0597506608565091
