SeqID	RelPos	Strand	logFC	PValue.adj
NC_000913.3	0	+	0.606987514203182	0.210372176646228
NC_000913.3	10	+	1.32603094888686	0.0040234714967252
NC_000913.3	33	+	3.14300798367886	6.04466820742755e-14
